ฺ	truncated:<Fail>ฺ</Fail>
หฺ	truncated:<Fail>หฺ</Fail>
ทํา	truncated:ทำ
ยฺเหวียน	truncated:<Fail>ยฺเหวียน</Fail>
จฺ	truncated:<Fail>จฺ</Fail>
คํา	truncated:คำ
สฺ	truncated:<Fail>สฺ</Fail>
พระบาทสมเด็จพระปรมินทรมหาภูมิพลอดุลยเดช	inventory:no tone digit: 'dun'
จํา	truncated:จำ
ยฺ	truncated:<Fail>ยฺ</Fail>
จฺวิ้น	truncated:<Fail>จฺวิ้น</Fail>
ฮฺ	truncated:<Fail>ฮฺ</Fail>
อํา	truncated:อำ
สํา	truncated:สำ
ป์เฟซ	truncated:เฟซ
กําหนด	truncated:กำหนด
ว่	truncated:<Fail>ว่</Fail>
นํา	truncated:นำ
ตําบล	truncated:ตำบล
ยฺวี่	truncated:<Fail>ยฺวี่</Fail>
ตํา	truncated:ตำ
ยฺห	truncated:<Fail>ยฺห</Fail>
ฺต	truncated:<Fail>ฺต</Fail>
ฺว่	truncated:<Fail>ฺว่</Fail>
ย่	truncated:<Fail>ย่</Fail>
ดํา	truncated:ดำ
ป็น	truncated:<Fail>ป็น</Fail>
อะแซหวุ่นกี้	inventory:bad body: 'sɛː-' in 'sɛː-˧'
จํานวน	truncated:จำนวน
ย่ว	truncated:<Fail>ย่ว</Fail>
ฺว	truncated:<Fail>ฺว</Fail>
ตฺ	truncated:<Fail>ตฺ</Fail>
ลด์แทรฟ	truncated:แทรฟ
ท์เตอร์	truncated:เตอร์
ลฺ	truncated:<Fail>ลฺ</Fail>
โลห	inventory:bad body: 'loː-' in 'loː-˧'
เปลื่ยน	truncated:<Fail>เปลื่ยน</Fail>
สํ	truncated:<Fail>สํ</Fail>
ฺม	truncated:<Fail>ฺม</Fail>
ด์วอทช์	truncated:วอทช์
นํ้า	truncated:<Fail>นํ้า</Fail>
ฌอร์ฌ	inventory:bad body: 'tɕʰɔː-' in 'tɕʰɔː-˧'
สฺส	truncated:<Fail>สฺส</Fail>
ด็อล์ฟ	truncated:<Fail>ด็อล์ฟ</Fail>
ฤา	truncated:ฤๅ
ว่ย์	truncated:<Fail>ว่ย์</Fail>
ล้	truncated:<Fail>ล้</Fail>
ดํารงตํา	truncated:ดำรงตำ
ชฺ	truncated:<Fail>ชฺ</Fail>
นฺ	truncated:<Fail>นฺ</Fail>
ซฺ	truncated:<Fail>ซฺ</Fail>
ดัล์ฟ	truncated:<Fail>ดัล์ฟ</Fail>
ซฺวี่	truncated:<Fail>ซฺวี่</Fail>
ฺโณ	truncated:<Fail>ฺโณ</Fail>
ทตฺ	truncated:<Fail>ทตฺ</Fail>
ภาสกร	inventory:no tone digit: 'pʰaːt'
สฺยง	truncated:<Fail>สฺยง</Fail>
กํา	truncated:กำ
อําเภอ	truncated:อำเภอ
ร่	truncated:<Fail>ร่</Fail>
ว็อล์ฟ	truncated:<Fail>ว็อล์ฟ</Fail>
ตํารวจ	truncated:ตำรวจ
ฺค	truncated:<Fail>ฺค</Fail>
ฺท	truncated:<Fail>ฺท</Fail>
ซฺยง	truncated:<Fail>ซฺยง</Fail>
ทฺ	truncated:<Fail>ทฺ</Fail>
สฺวี่	truncated:<Fail>สฺวี่</Fail>
ท์เตอร์ส	truncated:เตอร์ส
ชํา	truncated:ชำ
ก้	truncated:<Fail>ก้</Fail>
ต้าห	inventory:bad body: 'taː-' in 'taː-˥˩'
สําคัญ	truncated:สำคัญ
จฺวี้	truncated:<Fail>จฺวี้</Fail>
ตํ	truncated:<Fail>ตํ</Fail>
ค็อ	truncated:<Fail>ค็อ</Fail>
ฉฺ	truncated:<Fail>ฉฺ</Fail>
แยฌ	inventory:bad body: 'jɛː-' in 'jɛː-˧'
ฺทส	truncated:<Fail>ฺทส</Fail>
ทฺโธ	truncated:<Fail>ทฺโธ</Fail>
ญฺโญ	truncated:<Fail>ญฺโญ</Fail>
กฺ	truncated:<Fail>กฺ</Fail>
กิตฺ	truncated:<Fail>กิตฺ</Fail>
เเต่	truncated:แต่
ลํา	truncated:ลำ
พฺ	truncated:<Fail>พฺ</Fail>
อฺ	truncated:<Fail>อฺ</Fail>
ฺย	truncated:<Fail>ฺย</Fail>
นํ	truncated:<Fail>นํ</Fail>
น้ํา	truncated:น้ำ
ว์ลิ่ง	truncated:ลิ่ง
สําเร็จ	truncated:สำเร็จ
อัลลอฮฺ	truncated:<Fail>อัลลอฮฺ</Fail>
ฺตํ	truncated:<Fail>ฺตํ</Fail>
พฺรหฺมรํ	truncated:<Fail>พฺรหฺมรํ</Fail>
ว๋	truncated:<Fail>ว๋</Fail>
ล์มส์	truncated:มส์
ร์ทศ	truncated:ทศ
สั	truncated:<Fail>สั</Fail>
ท์ติ้ง	truncated:ติ้ง
ปญฺโญ	truncated:<Fail>ปญฺโญ</Fail>
ทฺธ	truncated:<Fail>ทฺธ</Fail>
ยํ	truncated:<Fail>ยํ</Fail>
ต้ว	truncated:<Fail>ต้ว</Fail>
รส์เลอร์	truncated:เลอร์
ท่	truncated:<Fail>ท่</Fail>
ศาห	inventory:bad body: 'saː-' in 'saː-˩˩˦'
ร์บะฮ์	truncated:บะฮ์
ม่	truncated:<Fail>ม่</Fail>
ด้ว	truncated:<Fail>ด้ว</Fail>
ฉนฺ	truncated:<Fail>ฉนฺ</Fail>
ทึ่	truncated:<Fail>ทึ่</Fail>
น์ทรัคท์ฟ	truncated:ทรัคท์ฟ
รํา	truncated:รำ
ต่	truncated:<Fail>ต่</Fail>
มบืร์ค	truncated:<Fail>มบืร์ค</Fail>
ม่ย์	truncated:<Fail>ม่ย์</Fail>
ด้	truncated:<Fail>ด้</Fail>
อดุลย	inventory:no tone digit: 'dun'
แทฮ	inventory:bad body: 'tʰɛː-' in 'tʰɛː-˧'
คําขอ	truncated:คำขอ
ฦา	truncated:ฦๅ
เจิ้งอวี้ห	inventory:bad body: 'wiː-' in 'wiː-˥˩'
ฺพ	truncated:<Fail>ฺพ</Fail>
ฟะหฺ	truncated:<Fail>ฟะหฺ</Fail>
ใชั	truncated:<Fail>ใชั</Fail>
หลี่หมิง	inventory:bad body: 'liː-' in 'liː-˨˩'
ชส์แวร์	truncated:แวร์
ล่	truncated:<Fail>ล่</Fail>
เรี่อง	truncated:<Fail>เรี่อง</Fail>
ปัจุ	truncated:<Fail>ปัจุ</Fail>
ฺปนฺ	truncated:<Fail>ฺปนฺ</Fail>
ทืร์ค	truncated:<Fail>ทืร์ค</Fail>
บํา	truncated:บำ
รฺ	truncated:<Fail>รฺ</Fail>
ลด์ส	truncated:ส
น่	truncated:<Fail>น่</Fail>
ค็	truncated:<Fail>ค็</Fail>
อัลลอหฺ	truncated:<Fail>อัลลอหฺ</Fail>
อฺวี้	truncated:<Fail>อฺวี้</Fail>
ฺส	truncated:<Fail>ฺส</Fail>
ฺเหวียน	truncated:<Fail>ฺเหวียน</Fail>
ยฺเหวี่ยน	truncated:<Fail>ยฺเหวี่ยน</Fail>
ปั	truncated:<Fail>ปั</Fail>
นืย	truncated:<Fail>นืย</Fail>
฿	truncated:<Fail>฿</Fail>
นั้	truncated:<Fail>นั้</Fail>
ส์เฮาฟท์	truncated:เฮาฟท์
ฺว๋	truncated:<Fail>ฺว๋</Fail>
ปญฺญา	truncated:<Fail>ปญฺญา</Fail>
ฺวี่ยน	truncated:<Fail>ฺวี่ยน</Fail>
มฺ	truncated:<Fail>มฺ</Fail>
เเล้ว	truncated:แล้ว
ญฺญ	truncated:<Fail>ญฺญ</Fail>
มํ	truncated:<Fail>มํ</Fail>
ว้	truncated:<Fail>ว้</Fail>
ร์ส	truncated:ส
ด์ส	truncated:ส
ลอหฺ	truncated:<Fail>ลอหฺ</Fail>
น์เคิส	truncated:เคิส
อตฺต	truncated:<Fail>อตฺต</Fail>
ต์ฮาร์ต	truncated:ฮาร์ต
อฺวี่	truncated:<Fail>อฺวี่</Fail>
ณฺณ	truncated:<Fail>ณฺณ</Fail>
ล็	truncated:<Fail>ล็</Fail>
วัลนืย	truncated:<Fail>วัลนืย</Fail>
ร์เน่	truncated:เน่
เพิ่อ	truncated:<Fail>เพิ่อ</Fail>
ญฺ	truncated:<Fail>ญฺ</Fail>
ทื่	truncated:<Fail>ทื่</Fail>
ฺก	truncated:<Fail>ฺก</Fail>
ฺมํ	truncated:<Fail>ฺมํ</Fail>
สพฺ	truncated:<Fail>สพฺ</Fail>
ฟาร์ฌ	inventory:bad body: 'faː-' in 'faː-˧'
น์ซัทซ์	truncated:ซัทซ์
ซ์เกิลส์	truncated:เกิลส์
ฺธ	truncated:<Fail>ฺธ</Fail>
รํ	truncated:<Fail>รํ</Fail>
อตฺ	truncated:<Fail>อตฺ</Fail>
ญัฮ	inventory:bad body: 'ja-' in 'ja-˦˥'
หํ	truncated:<Fail>หํ</Fail>
ภิกฺขเว	truncated:<Fail>ภิกฺขเว</Fail>
ฺวี่	truncated:<Fail>ฺวี่</Fail>
ฝูหรง	inventory:bad body: 'fuː-' in 'fuː-˩˩˦'
ฑฺฒ	truncated:<Fail>ฑฺฒ</Fail>
อย่	truncated:<Fail>อย่</Fail>
บั	truncated:<Fail>บั</Fail>
ม์เลอร์	truncated:เลอร์
ปญฺจ	truncated:<Fail>ปญฺจ</Fail>
ปณฺฑิ	truncated:<Fail>ปณฺฑิ</Fail>
ฺมทตฺ	truncated:<Fail>ฺมทตฺ</Fail>
ห์น	truncated:น
น้	truncated:<Fail>น้</Fail>
ขึ้	truncated:<Fail>ขึ้</Fail>
ร์เลส	truncated:เลส
ฺข	truncated:<Fail>ฺข</Fail>
น์เฟลด์	truncated:เฟลด์
พฺรหฺม	truncated:<Fail>พฺรหฺม</Fail>
ฺร	truncated:<Fail>ฺร</Fail>
ฉื่อหฺ	truncated:<Fail>ฉื่อหฺ</Fail>
เจิ้งจฺ	truncated:<Fail>เจิ้งจฺ</Fail>
เซี่ยงอฺวี่	truncated:<Fail>เซี่ยงอฺวี่</Fail>
นฺธ	truncated:<Fail>นฺธ</Fail>
ชส์ค็อม	truncated:ค็อม
ใหั	truncated:<Fail>ใหั</Fail>
ปฺ	truncated:<Fail>ปฺ</Fail>
นตฺถิ	truncated:<Fail>นตฺถิ</Fail>
จอหน์	inventory:bad body: 'tɕɔː-' in 'tɕɔː-˧'
ฉฺยง	truncated:<Fail>ฉฺยง</Fail>
ทฺธิ	truncated:<Fail>ทฺธิ</Fail>
ฺ่ว	truncated:<Fail>ฺ่ว</Fail>
คฺ	truncated:<Fail>คฺ</Fail>
ส์เซิล	truncated:เซิล
ฺทโช	truncated:<Fail>ฺทโช</Fail>
โมห	inventory:bad body: 'moː-' in 'moː-˧'
ร์ซ	truncated:ซ
ฺ์	truncated:<Fail>ฺ์</Fail>
ซึ่	truncated:<Fail>ซึ่</Fail>
ร์ฟ	truncated:ฟ
ฺป	truncated:<Fail>ฺป</Fail>
ตฺถํ	truncated:<Fail>ตฺถํ</Fail>
วัตุ	truncated:<Fail>วัตุ</Fail>
ฺธุ	truncated:<Fail>ฺธุ</Fail>
เดิอน	truncated:<Fail>เดิอน</Fail>
ซนืย	truncated:<Fail>ซนืย</Fail>
ฺว่หฺ	truncated:<Fail>ฺว่หฺ</Fail>
ลฺวี่	truncated:<Fail>ลฺวี่</Fail>
ตสฺส	truncated:<Fail>ตสฺส</Fail>
น์วูด	truncated:วูด
ฺมส	truncated:<Fail>ฺมส</Fail>
ก่	truncated:<Fail>ก่</Fail>
เลห	inventory:bad body: 'leː-' in 'leː-˧'
ฺณ	truncated:<Fail>ฺณ</Fail>
โจฺว	truncated:<Fail>โจฺว</Fail>
ลบืร์ค	truncated:<Fail>ลบืร์ค</Fail>
ส์เนอร์	truncated:เนอร์
ว์การ์	truncated:การ์
ญฺจ	truncated:<Fail>ญฺจ</Fail>
หืว	truncated:<Fail>หืว</Fail>
อสฺ	truncated:<Fail>อสฺ</Fail>
พฺรหฺ	truncated:<Fail>พฺรหฺ</Fail>
คํานวณ	truncated:คำนวณ
พรัห	inventory:bad body: 'pʰra-' in 'pʰra-˦˥'
แชฮร์	inventory:bad body: 'tɕʰɛː-' in 'tɕʰɛː-˧'
ล์มส	truncated:มส
นฺท	truncated:<Fail>นฺท</Fail>
ฺมธ	truncated:<Fail>ฺมธ</Fail>
ฺมร	truncated:<Fail>ฺมร</Fail>
วฺ	truncated:<Fail>วฺ</Fail>
ศฺ	truncated:<Fail>ศฺ</Fail>
ลลอหฺ	truncated:<Fail>ลลอหฺ</Fail>
รห์น	truncated:น
ฺมโช	truncated:<Fail>ฺมโช</Fail>
อู๋จฺวิ้น	truncated:<Fail>อู๋จฺวิ้น</Fail>
ล์มสเต็ด	truncated:มสเต็ด
ฺจ	truncated:<Fail>ฺจ</Fail>
ฺมทกฺ	truncated:<Fail>ฺมทกฺ</Fail>
ญฺญาย	truncated:<Fail>ญฺญาย</Fail>
เนี่อง	truncated:<Fail>เนี่อง</Fail>
ซึ้อ	truncated:<Fail>ซึ้อ</Fail>
จฺวี่	truncated:<Fail>จฺวี่</Fail>
ณฺโณ	truncated:<Fail>ณฺโณ</Fail>
ตฺต	truncated:<Fail>ตฺต</Fail>
ม์อิ	truncated:อิ
ฮู่จฺ	truncated:<Fail>ฮู่จฺ</Fail>
ฺ๋อง	truncated:<Fail>ฺ๋อง</Fail>
ลวฑฺฒ	truncated:<Fail>ลวฑฺฒ</Fail>
สมิหลา	inventory:bad body: 'mi-' in 'mi-˨˩'
สพฺพ	truncated:<Fail>สพฺพ</Fail>
อฏฺฐ	truncated:<Fail>อฏฺฐ</Fail>
ฺหิ	truncated:<Fail>ฺหิ</Fail>
ชฺฌงฺ	truncated:<Fail>ชฺฌงฺ</Fail>
ฝืมือ	truncated:<Fail>ฝืมือ</Fail>
ง่	truncated:<Fail>ง่</Fail>
ร์ท	truncated:ท
ชส์ฟือเรอร์	truncated:ฟือเรอร์
ซ๊	truncated:<Fail>ซ๊</Fail>
สจ๊วร์ต	truncated:<Fail>สจ๊วร์ต</Fail>
ตสฺ	truncated:<Fail>ตสฺ</Fail>
ทฺธส	truncated:<Fail>ทฺธส</Fail>
ลํ	truncated:<Fail>ลํ</Fail>
ภิกฺขุ	truncated:<Fail>ภิกฺขุ</Fail>
ตฺตํ	truncated:<Fail>ตฺตํ</Fail>
ง์เคิล	truncated:เคิล
บฺ	truncated:<Fail>บฺ</Fail>
ว์นีย์	truncated:นีย์
ส่ว	truncated:<Fail>ส่ว</Fail>
ท่ี	truncated:<Fail>ท่ี</Fail>
ตํ่า	truncated:<Fail>ตํ่า</Fail>
กั	truncated:<Fail>กั</Fail>
ณฺฑ	truncated:<Fail>ณฺฑ</Fail>
วู่ห	inventory:bad body: 'wuː-' in 'wuː-˥˩'
ทธื์	truncated:<Fail>ทธื์</Fail>
นนฺ	truncated:<Fail>นนฺ</Fail>
เเบบ	truncated:แบบ
ค์ส	truncated:ส
ห์ล	truncated:ล
วยฺ	truncated:<Fail>วยฺ</Fail>
ฺตฺ	truncated:<Fail>ฺตฺ</Fail>
ด์เรสต์	truncated:เรสต์
รื	truncated:<Fail>รื</Fail>
ปภสฺส	truncated:<Fail>ปภสฺส</Fail>
เป็	truncated:<Fail>เป็</Fail>
ภทฺ	truncated:<Fail>ภทฺ</Fail>
อคฺค	truncated:<Fail>อคฺค</Fail>
ต้	truncated:<Fail>ต้</Fail>
ฺวเหลียง	truncated:<Fail>ฺวเหลียง</Fail>
ร์ฟลายส์	truncated:ฟลายส์
สต์ส	truncated:ส
ปญฺญาพ	truncated:<Fail>ปญฺญาพ</Fail>
ห้ว	truncated:<Fail>ห้ว</Fail>
วํ	truncated:<Fail>วํ</Fail>
ด์ดาร์	truncated:ดาร์
เนี้อ	truncated:<Fail>เนี้อ</Fail>
รั	truncated:<Fail>รั</Fail>
วุฑฺโฒ	truncated:<Fail>วุฑฺโฒ</Fail>
เจี้ยนหฺ	truncated:<Fail>เจี้ยนหฺ</Fail>
อิห	inventory:bad body: 'ʔi-' in 'ʔi-˨˩'
สํวตฺต	truncated:<Fail>สํวตฺต</Fail>
ล้ํา	truncated:ล้ำ
ล์เดอร์	truncated:เดอร์
ห้	truncated:<Fail>ห้</Fail>
ทตฺต	truncated:<Fail>ทตฺต</Fail>
ร์ก	truncated:ก
ช่ว	truncated:<Fail>ช่ว</Fail>
ดํารง	truncated:ดำรง
ตฺวั้น	truncated:<Fail>ตฺวั้น</Fail>
ล์ก	truncated:ก
กจฺ	truncated:<Fail>กจฺ</Fail>
ลด์ฟิลด์	truncated:ฟิลด์
ต์ฮอร์ส	truncated:ฮอร์ส
ปญฺ	truncated:<Fail>ปญฺ</Fail>
วน์ท	truncated:ท
